material_id,formula,rare_earth,space_group,crystal_system,e_above_hull,formation_energy,density,volume,nsites,band_gap,thermo_type,rxn_energy_CaO_eV_per_atom,rxn_CaO,rxn_energy_CaAl2Si2O8_eV_per_atom,rxn_CaAl2Si2O8
mp-1202190,Lu2Si2O7,Lu,P4_32_12,Tetragonal,0.019960798409083,-3.704217053257575,6.58370697459744,522.700431326118,44,5.1931,GGA_GGA+U,-0.0988234795395253,0.2 Lu2Si2O7 + 0.8 CaO -> 0.4 Ca2SiO4 + 0.2 Lu2O3,0.0,Lu2Si2O7 -> Lu2Si2O7
mp-581644,Y2Si2O7,Y,P-1,Triclinic,0.0,-3.671023028712122,4.262086953852866,1617.547896157262,132,4.7121,GGA_GGA+U,-0.08488373278507177,0.2 Y2Si2O7 + 0.8 CaO -> 0.4 Ca2SiO4 + 0.2 Y2O3,0.0,Y2Si2O7 -> Y2Si2O7
mp-21794,Sm2Si2O7,Sm,P4_1,Tetragonal,0.014749998068174,-3.622445458068182,5.753872021097067,1082.547330018101,88,5.0,GGA_GGA+U,-0.08027878651314202,0.2 Sm2Si2O7 + 0.8 CaO -> 0.4 Ca2SiO4 + 0.2 Sm2O3,0.0,Sm2Si2O7 -> Sm2Si2O7
mp-18391,Sm2Si2O7,Sm,P2_1/c,Monoclinic,0.021652230909083,-3.615543225227272,5.686430168515022,547.6932459482846,44,4.9072000000000005,GGA_GGA+U,-0.08027878651314202,0.2 Sm2Si2O7 + 0.8 CaO -> 0.4 Ca2SiO4 + 0.2 Sm2O3,0.0,Sm2Si2O7 -> Sm2Si2O7
mp-17235,Sm2Si2O7,Sm,P-1,Triclinic,0.0,-3.637195456136363,5.232008128805824,595.2627213450243,44,5.321,GGA_GGA+U,-0.08027878651314202,0.2 Sm2Si2O7 + 0.8 CaO -> 0.4 Ca2SiO4 + 0.2 Sm2O3,0.0,Sm2Si2O7 -> Sm2Si2O7
mp-13775,Gd2Si2O7,Gd,Pnma,Orthorhombic,0.0,-3.629723050909088,5.503865479146377,582.49031019204,44,3.2104,GGA_GGA+U,-0.0934100013157555,0.2 Gd2Si2O7 + 0.8 CaO -> 0.4 Ca2SiO4 + 0.2 Gd2O3,0.0,Gd2Si2O7 -> Gd2Si2O7
mp-16461,Gd2Si2O7,Gd,P2_1/c,Monoclinic,0.030158190227281,-3.599564860681817,5.930507184467777,540.585857243329,44,2.9046000000000003,GGA_GGA+U,-0.0934100013157555,0.2 Gd2Si2O7 + 0.8 CaO -> 0.4 Ca2SiO4 + 0.2 Gd2O3,0.0,Gd2Si2O7 -> Gd2Si2O7
mp-542469,Gd2Si2O7,Gd,P-1,Triclinic,0.011054239090917,-3.61866881181818,5.956232416595656,538.2510429362369,44,2.7971,GGA_GGA+U,-0.0934100013157555,0.2 Gd2Si2O7 + 0.8 CaO -> 0.4 Ca2SiO4 + 0.2 Gd2O3,0.0,Gd2Si2O7 -> Gd2Si2O7
mp-561551,Y2Si2O7,Y,P2_1/m,Monoclinic,0.022948241893947,-3.648074786818182,3.935411544654483,291.9698785932734,22,5.176900000000001,GGA_GGA+U,-0.08488373278507177,0.2 Y2Si2O7 + 0.8 CaO -> 0.4 Ca2SiO4 + 0.2 Y2O3,0.0,Y2Si2O7 -> Y2Si2O7
mp-561531,Y2Si2O7,Y,P2_1/m,Monoclinic,0.046977508257585,-3.624045520454544,3.875804876133672,296.46013347646846,22,4.5957,GGA_GGA+U,-0.08488373278507177,0.2 Y2Si2O7 + 0.8 CaO -> 0.4 Ca2SiO4 + 0.2 Y2O3,0.0,Y2Si2O7 -> Y2Si2O7
mp-17308,Tb2Si2O7,Tb,P-1,Triclinic,0.0,-3.657226894848484,6.100760237975205,529.1478532643463,44,4.9475,GGA_GGA+U,-0.10032074467103014,0.2 Tb2Si2O7 + 0.8 CaO -> 0.4 Ca2SiO4 + 0.2 Tb2O3,0.0,Tb2Si2O7 -> Tb2Si2O7
mp-1208518,Tb2SiO5,Tb,P2_1/c,Monoclinic,0.0,-3.784206000416667,7.024483530816206,402.75058814453183,32,4.8469999999999995,GGA_GGA+U,-0.06246663968748267,0.3333 Tb2SiO5 + 0.6667 CaO -> 0.3333 Ca2SiO4 + 0.3333 Tb2O3,0.0,Tb2SiO5 -> Tb2SiO5
mp-5652,Y2Si2O7,Y,C2/m,Monoclinic,0.012987350075766,-3.658035678636363,4.008890788263514,143.30917098954507,11,4.8042,GGA_GGA+U,-0.08488373278507177,0.2 Y2Si2O7 + 0.8 CaO -> 0.4 Ca2SiO4 + 0.2 Y2O3,0.0,Y2Si2O7 -> Y2Si2O7
mp-18385,Lu2Si2O7,Lu,P4_12_12,Tetragonal,0.019656807727265,-3.704521043939393,6.890390114496473,499.4356514164268,44,5.199199999999999,GGA_GGA+U,-0.0988234795395253,0.2 Lu2Si2O7 + 0.8 CaO -> 0.4 Ca2SiO4 + 0.2 Lu2O3,0.0,Lu2Si2O7 -> Lu2Si2O7
mp-768317,Dy2SiO5,Dy,C2/c,Monoclinic,0.0,-3.814613528229166,6.765194038669526,425.2060805352603,32,4.6662,GGA_GGA+U,-0.05172191541672566,0.3333 Dy2SiO5 + 0.6667 CaO -> 0.3333 Ca2SiO4 + 0.3333 Dy2O3,0.0,Dy2SiO5 -> Dy2SiO5
mp-752405,Dy2SiO5,Dy,P2_1/c,Monoclinic,0.022826834687499,-3.791786693541667,7.018011524727257,409.8884179810423,32,4.9139,GGA_GGA+U,-0.05172191541672566,0.3333 Dy2SiO5 + 0.6667 CaO -> 0.3333 Ca2SiO4 + 0.3333 Dy2O3,0.0,Dy2SiO5 -> Dy2SiO5
mp-7999,Y2Si2O7,Y,P2_1/c,Monoclinic,0.015429810530312,-3.655593218181817,4.053480529304039,283.46543732001516,22,4.931,GGA_GGA+U,-0.08488373278507177,0.2 Y2Si2O7 + 0.8 CaO -> 0.4 Ca2SiO4 + 0.2 Y2O3,0.0,Y2Si2O7 -> Y2Si2O7
mp-768411,Dy2SiO5,Dy,Pnma,Orthorhombic,0.081451452187501,-3.733162076041665,7.093811745808069,405.5085959876285,32,4.3507,GGA_GGA+U,-0.05172191541672566,0.3333 Dy2SiO5 + 0.6667 CaO -> 0.3333 Ca2SiO4 + 0.3333 Dy2O3,0.0,Dy2SiO5 -> Dy2SiO5
mp-1187516,YbSiO3,Yb,Pm-3m,Cubic,0.9078299743125,-2.5573448272500032,8.636992814705966,47.896258007946656,5,4.068899999999999,GGA_GGA+U_R2SCAN,-0.14376092009259844,0.3333 YbSiO3 + 0.6667 CaO -> 0.3333 Ca2SiO4 + 0.1667 O2 + 0.3333 Yb,0.0,YbSiO3 -> SiO2 + 0.5 O2 + Yb
mp-7193,Lu2Si2O7,Lu,C2/m,Monoclinic,0.0,-3.72417785166666,6.355493422392386,135.36739976875975,11,4.8449,GGA_GGA+U,-0.0988234795395253,0.2 Lu2Si2O7 + 0.8 CaO -> 0.4 Ca2SiO4 + 0.2 Lu2O3,0.0,Lu2Si2O7 -> Lu2Si2O7
mp-4300,Yb2Si2O7,Yb,C2/m,Monoclinic,0.0,-3.58617321102273,6.236822823552138,136.9169728614623,11,0.0,GGA_GGA+U_R2SCAN,-0.13619455587720575,0.2 Yb2Si2O7 + 0.8 CaO -> 0.4 Ca2SiO4 + 0.3 O2 + 0.4 Yb,0.0,Yb2Si2O7 -> 2 SiO2 + 1.5 O2 + 2 Yb
mp-18318,Tm2Si2O7,Tm,P-1,Triclinic,0.036575726818197,-3.676704552727273,6.682139167830451,503.00733389744727,44,4.9405,GGA_GGA+U,-0.09626137197373597,0.2 Tm2Si2O7 + 0.8 CaO -> 0.4 Ca2SiO4 + 0.2 Tm2O3,0.0,Tm2Si2O7 -> Tm2Si2O7
mp-1095467,Tm2Si2O7,Tm,C2/m,Monoclinic,0.0,-3.713280279545464,6.085429203944716,138.0824956998644,11,4.7966999999999995,GGA_GGA+U,-0.09626137197373597,0.2 Tm2Si2O7 + 0.8 CaO -> 0.4 Ca2SiO4 + 0.2 Tm2O3,0.0,Tm2Si2O7 -> Tm2Si2O7
mp-7624,Er2Si2O7,Er,P2_1/c,Monoclinic,0.001481452272727,-3.699185545454551,6.038506888721256,276.4682607699314,22,4.918,GGA_GGA+U,-0.09488516500005195,0.2 Er2Si2O7 + 0.8 CaO -> 0.4 Ca2SiO4 + 0.2 Er2O3,0.0,Er2Si2O7 -> Er2Si2O7
mp-7064,Er2Si2O7,Er,C2/m,Monoclinic,0.0,-3.700666997727278,5.974776007580203,139.70862631954532,11,4.798599999999999,GGA_GGA+U,-0.09488516500005195,0.2 Er2Si2O7 + 0.8 CaO -> 0.4 Ca2SiO4 + 0.2 Er2O3,0.0,Er2Si2O7 -> Er2Si2O7
mp-17404,Y2Si2O7,Y,Pnma,Orthorhombic,0.023324581212129,-3.647698447499999,3.962137549101192,580.000879155743,44,5.381399999999999,GGA_GGA+U,-0.08488373278507177,0.2 Y2Si2O7 + 0.8 CaO -> 0.4 Ca2SiO4 + 0.2 Y2O3,0.0,Y2Si2O7 -> Y2Si2O7
mp-556860,Y2Si2O7,Y,P-1,Triclinic,0.036002630984857,-3.635020397727272,4.22647846181067,543.7252981599638,44,4.9349,GGA_GGA+U,-0.08488373278507177,0.2 Y2Si2O7 + 0.8 CaO -> 0.4 Ca2SiO4 + 0.2 Y2O3,0.0,Y2Si2O7 -> Y2Si2O7
mp-18662,Ho2Si2O7,Ho,Pnma,Orthorhombic,0.0,-3.675094839090908,5.9931162354559415,551.9626103469836,44,5.3233000000000015,GGA_GGA+U,-0.10191782203955446,0.2 Ho2Si2O7 + 0.8 CaO -> 0.4 Ca2SiO4 + 0.2 Ho2O3,0.0,Ho2Si2O7 -> Ho2Si2O7
mp-16809,Ho2Si2O7,Ho,P-1,Triclinic,0.012073345000008,-3.663021494090907,6.441060537997115,513.5763065601901,44,4.9477,GGA_GGA+U,-0.10191782203955446,0.2 Ho2Si2O7 + 0.8 CaO -> 0.4 Ca2SiO4 + 0.2 Ho2O3,0.0,Ho2Si2O7 -> Ho2Si2O7
mp-866030,EuSiO3,Eu,Pm-3m,Cubic,0.255981939666675,-3.071255264,7.369525124378975,51.38487331369103,5,0.0,GGA_GGA+U,-0.09362790232154983,0.5 EuSiO3 + 0.5 CaO -> 0.25 Ca2SiO4 + 0.25 Eu2SiO4,-1.7844622477959954e-15,EuSiO3 -> 0.5 SiO2 + 0.5 Eu2SiO4
mp-1208437,Tb5Si3O13,Tb,P6_3/m,Hexagonal,0.077289843095231,-3.64523786968254,6.736503446318545,535.8266820867628,42,0.0,GGA_GGA+U,-0.06759758777344338,0.1538 Tb5Si3O13 + 0.8462 CaO -> 0.4231 Ca2SiO4 + 0.3846 Tb2O3 + 0.03846 Si,-1.784462247795997e-15,Tb5Si3O13 -> 0.25 Tb2Si2O7 + 2.25 Tb2SiO5 + 0.25 Si
mp-1187364,TbSiO3,Tb,Pm-3m,Cubic,0.7094974339999941,-2.815659758333333,7.530094610668917,51.82427694555707,5,0.0,GGA_GGA+U,-0.08299043203128065,0.4 TbSiO3 + 0.6 CaO -> 0.3 Ca2SiO4 + 0.2 Tb2O3 + 0.1 Si,-1.784462247795997e-15,TbSiO3 -> 0.25 Tb2Si2O7 + 0.25 Tb2SiO5 + 0.25 Si
mp-1225780,Dy2Si2O7,Dy,P1,Triclinic,0.007435804318179,-3.659418946363636,6.112233958841164,803.8855285297725,66,4.5344,GGA_GGA+U,-0.10165545355271588,0.2 Dy2Si2O7 + 0.8 CaO -> 0.4 Ca2SiO4 + 0.2 Dy2O3,-1.784462247795997e-15,Dy2Si2O7 -> Dy2SiO5 + SiO2
mp-17062,Dy2Si2O7,Dy,P-1,Triclinic,0.006754200378784,-3.660100550303029,6.06732807588437,539.8901971396976,44,4.9489,GGA_GGA+U,-0.10165545355271588,0.2 Dy2Si2O7 + 0.8 CaO -> 0.4 Ca2SiO4 + 0.2 Dy2O3,-1.784462247795997e-15,Dy2Si2O7 -> Dy2SiO5 + SiO2
mp-1186993,ScSiO3,Sc,Pm-3m,Cubic,0.707826589968743,-2.7644089860000003,4.371425835382467,45.978363101869,5,0.0,GGA_GGA+U,-0.11186380705067034,0.4 ScSiO3 + 0.6 CaO -> 0.3 Ca2SiO4 + 0.2 Sc2O3 + 0.1 Si,-1.784462247795997e-15,ScSiO3 -> 0.375 Sc2Si2O7 + 0.125 Sc2O3 + 0.25 Si
mp-18639,La2Si2O7,La,P-1,Triclinic,0.009666814772733,-3.664285678863635,4.928312833009692,601.0685483630061,44,4.5629,GGA_GGA+U,-0.06859949437497503,0.4 La2Si2O7 + 0.6 CaO -> 0.2 Ca2SiO4 + 0.2 CaLa4Si3O13,-1.784462247795997e-15,La2Si2O7 -> La2Si2O7
mp-756325,La2(SiO3)3,La,P-1,Triclinic,0.100489040476189,-3.48750892107143,5.12436200804834,327.9767456801286,28,4.419900000000001,GGA_GGA+U,-0.10815159779757844,0.2222 La2(SiO3)3 + 0.7778 CaO -> 0.3333 Ca2SiO4 + 0.1111 CaLa4Si3O13,-1.784462247795997e-15,La2(SiO3)3 -> La2Si2O7 + SiO2
mp-555800,La2Si2O7,La,P2_1/c,Monoclinic,0.024688101439398,-3.649264392196971,4.971050956238214,1787.7027613437874,132,4.380800000000001,GGA_GGA+U,-0.06859949437497503,0.4 La2Si2O7 + 0.6 CaO -> 0.2 Ca2SiO4 + 0.2 CaLa4Si3O13,-1.784462247795997e-15,La2Si2O7 -> La2Si2O7
mp-5732,La2Si2O7,La,P2_1/c,Monoclinic,0.0,-3.673952493636363,4.697627190081504,630.5851274597452,44,4.7992,GGA_GGA+U,-0.06859949437497503,0.4 La2Si2O7 + 0.6 CaO -> 0.2 Ca2SiO4 + 0.2 CaLa4Si3O13,-1.784462247795997e-15,La2Si2O7 -> La2Si2O7
mp-5974,La2Si2O7,La,P4_1,Tetragonal,0.008581531818187,-3.665370961818182,5.105726391091916,1160.3652892893851,88,4.673799999999999,GGA_GGA+U,-0.06859949437497503,0.4 La2Si2O7 + 0.6 CaO -> 0.2 Ca2SiO4 + 0.2 CaLa4Si3O13,-1.784462247795997e-15,La2Si2O7 -> La2Si2O7
mp-706477,La2Si2O7,La,P2_1/c,Monoclinic,0.8701899311363701,-2.8037625624999993,3.350547333723073,884.1104289442472,44,1.9857,GGA_GGA+U,-0.06859949437497503,0.4 La2Si2O7 + 0.6 CaO -> 0.2 Ca2SiO4 + 0.2 CaLa4Si3O13,-1.784462247795997e-15,La2Si2O7 -> La2Si2O7
mp-756888,La2(SiO3)3,La,P6_3/m,Hexagonal,0.030151866547617,-3.5578460950000013,4.04166779998787,415.8361493964515,28,4.3297,GGA_GGA+U,-0.10815159779757844,0.2222 La2(SiO3)3 + 0.7778 CaO -> 0.3333 Ca2SiO4 + 0.1111 CaLa4Si3O13,-1.784462247795997e-15,La2(SiO3)3 -> La2Si2O7 + SiO2
mp-852194,La2(SiO3)3,La,P-1,Triclinic,3.097199561904761,-0.490798399642857,5.124361903674961,327.976752360383,28,0.0,GGA_GGA+U,-0.10815159779757844,0.2222 La2(SiO3)3 + 0.7778 CaO -> 0.3333 Ca2SiO4 + 0.1111 CaLa4Si3O13,-1.784462247795997e-15,La2(SiO3)3 -> La2Si2O7 + SiO2
mp-727913,Y3Si3O11,Y,P2_1/c,Monoclinic,0.071555851985289,-3.49149591117647,3.982362921740687,878.925456818083,68,0.184899999999999,GGA_GGA+U,-0.08342022015086226,0.1429 Y3Si3O11 + 0.8571 CaO -> 0.4286 Ca2SiO4 + 0.2143 Y2O3 + 0.03571 O2,-1.784462247795997e-15,Y3Si3O11 -> 1.5 Y2Si2O7 + 0.25 O2
mp-556771,Nd2Si2O7,Nd,P2_12_12_1,Orthorhombic,0.003272966363651,-3.605712831136363,5.09877536756473,594.8773487986116,44,5.2351,GGA_GGA+U,-0.07545145052632485,0.2 Nd2Si2O7 + 0.8 CaO -> 0.4 Ca2SiO4 + 0.2 Nd2O3,-1.784462247795997e-15,Nd2Si2O7 -> Nd2Si2O7
mp-18130,Nd2Si2O7,Nd,P2_1/c,Monoclinic,0.005624540909105,-3.603361256590908,5.384392570053263,563.3218479733858,44,4.7764,GGA_GGA+U,-0.07545145052632485,0.2 Nd2Si2O7 + 0.8 CaO -> 0.4 Ca2SiO4 + 0.2 Nd2O3,-1.784462247795997e-15,Nd2Si2O7 -> Nd2Si2O7
mp-15225,Nd2Si2O7,Nd,P4_1,Tetragonal,0.0,-3.608985797500007,5.448964114516134,1113.292695283575,88,5.0173,GGA_GGA+U,-0.07545145052632485,0.2 Nd2Si2O7 + 0.8 CaO -> 0.4 Ca2SiO4 + 0.2 Nd2O3,-1.784462247795997e-15,Nd2Si2O7 -> Nd2Si2O7
mp-1209079,Sc2SiO5,Sc,C2/c,Monoclinic,0.017264488359376,-3.7030844584375,3.495989938892105,376.1764944566733,32,4.471299999999999,GGA_GGA+U,-0.09943449515612235,0.3333 Sc2SiO5 + 0.6667 CaO -> 0.3333 Ca2SiO4 + 0.3333 Sc2O3,-5.353386743387991e-15,Sc2SiO5 -> 0.5 Sc2Si2O7 + 0.5 Sc2O3
mp-3160,Pr2Si2O7,Pr,P4_1,Tetragonal,0.00813972352274,-3.5977467172348483,5.322604400060206,1123.0785535175307,88,5.026299999999999,GGA_GGA+U,-0.06348871703948111,0.2 Pr2Si2O7 + 0.8 CaO -> 0.4 Ca2SiO4 + 0.2 Pr2O3,-5.353386743387991e-15,Pr2Si2O7 -> Pr2Si2O7
mp-5913,Pr2Si2O7,Pr,P2_1/c,Monoclinic,0.0,-3.605886440757581,4.840443314183235,617.4747293341999,44,5.3706,GGA_GGA+U,-0.06348871703948111,0.2 Pr2Si2O7 + 0.8 CaO -> 0.4 Ca2SiO4 + 0.2 Pr2O3,-5.353386743387991e-15,Pr2Si2O7 -> Pr2Si2O7
mp-560132,Nd2SiO5,Nd,P2_1/c,Monoclinic,0.0,-3.710467645625,5.949308169357658,442.75007917495594,32,4.7758,GGA_GGA+U,-0.02802815458334873,0.3333 Nd2SiO5 + 0.6667 CaO -> 0.3333 Ca2SiO4 + 0.3333 Nd2O3,-5.353386743387991e-15,Nd2SiO5 -> Nd2SiO5
mp-7640,Sc2Si2O7,Sc,Fd-3m,Cubic,0.085059005454555,-3.522388262272726,4.163948123872764,205.838125095464,22,3.7458,GGA_GGA+U,-0.12560146756569868,0.2 Sc2Si2O7 + 0.8 CaO -> 0.4 Ca2SiO4 + 0.2 Sc2O3,-5.353386743387991e-15,Sc2Si2O7 -> Sc2Si2O7
mp-5594,Sc2Si2O7,Sc,C2/m,Monoclinic,0.0,-3.607447267727273,3.373334353584162,127.0403679229244,11,4.2788,GGA_GGA+U,-0.12560146756569868,0.2 Sc2Si2O7 + 0.8 CaO -> 0.4 Ca2SiO4 + 0.2 Sc2O3,-5.353386743387991e-15,Sc2Si2O7 -> Sc2Si2O7
mp-1224635,GdSiO4,Gd,Pna2_1,Orthorhombic,0.187522508333326,-3.139723621666666,5.4913190637229,301.58681245215433,24,0.0,GGA_GGA+U,-0.0887395012500014,0.3333 GdSiO4 + 0.6667 CaO -> 0.3333 Ca2SiO4 + 0.1667 Gd2O3 + 0.08333 O2,-7.137848991183988e-15,GdSiO4 -> 0.5 Gd2Si2O7 + 0.25 O2
mp-1210042,Nd5Si3O13,Nd,P6_3,Hexagonal,0.059154129374991,-3.593851992738096,5.832056009104907,577.1164615388992,42,0.0,GGA_GGA+U,-0.03609605287147488,0.1507 Nd5Si3O13 + 0.8493 CaO -> 0.0137 NdSi2 + 0.4247 Ca2SiO4 + 0.3699 Nd2O3,-7.137848991183988e-15,Nd5Si3O13 -> 2.25 Nd2SiO5 + 0.25 Nd2Si2O7 + 0.25 Si
mp-10523,CeSiO4,Ce,I4_1/amd,Tetragonal,0.036410676944445,-3.563593093333333,4.936797895877379,156.2047646719938,12,1.447799999999999,GGA_GGA+U,-0.13107906324985663,0.3333 CeSiO4 + 0.6667 CaO -> 0.3333 Ca2SiO4 + 0.3333 CeO2,-8.922311238979986e-15,CeSiO4 -> CeO2 + SiO2
mp-756013,PrSiO4,Pr,I4_1/amd,Tetragonal,0.108305478749999,-3.197090425277776,4.511347897173616,171.51869079918345,12,0.0,GGA_GGA+U,-0.06031428118750659,0.3333 PrSiO4 + 0.6667 CaO -> 0.3333 Ca2SiO4 + 0.1667 Pr2O3 + 0.08333 O2,-1.0658141036401503e-14,CaAl2(SiO4)2 -> CaAl2(SiO4)2
mp-1101436,NdSiO4,Nd,I4_1/amd,Tetragonal,0.095422167291667,-3.212814813749999,4.6530106879817374,168.67662134615404,12,0.0,GGA_GGA+U,-0.07418941987502237,0.3333 NdSiO4 + 0.6667 CaO -> 0.3333 NdO2 + 0.3333 Ca2SiO4,-1.0658141036401503e-14,CaAl2(SiO4)2 -> CaAl2(SiO4)2
mp-554546,Eu2SiO4,Eu,P2_1/c,Monoclinic,0.0,-3.3505540007142898,6.787915417570968,387.5074227678318,28,0.288899999999999,GGA_GGA+U,-0.013832226136319292,0.3333 Eu2SiO4 + 0.6667 CaO -> 0.3333 Ca2SiO4 + 0.6667 EuO,-1.2491235734571969e-14,Eu2SiO4 -> Eu2SiO4
mp-504653,Eu2SiO4,Eu,Pnma,Orthorhombic,0.013404185714287,-3.337149815000003,6.83081384654338,385.07382407441986,28,0.056899999999999,GGA_GGA+U,-0.013832226136319292,0.3333 Eu2SiO4 + 0.6667 CaO -> 0.3333 Ca2SiO4 + 0.6667 EuO,-1.2491235734571969e-14,Eu2SiO4 -> Eu2SiO4
mp-867966,Eu2SiO5,Eu,C2/c,Monoclinic,0.107561587083333,-3.272983015000003,5.815797886710778,470.55248096755093,32,0.0,GGA_GGA+U,-0.06569112052076864,0.3333 Eu2SiO5 + 0.6667 CaO -> 0.3333 Ca2SiO4 + 0.3333 Eu2O3,-1.6060160230163958e-14,Eu2SiO5 -> Eu2SiO5
mp-867713,Eu2SiO5,Eu,Pnma,Orthorhombic,0.178768655833334,-3.201775946250002,6.244434632296064,438.252345575654,32,0.0,GGA_GGA+U,-0.06569112052076864,0.3333 Eu2SiO5 + 0.6667 CaO -> 0.3333 Ca2SiO4 + 0.3333 Eu2O3,-1.6060160230163958e-14,Eu2SiO5 -> Eu2SiO5
mp-582983,Ce2Si2O7,Ce,Pca2_1,Orthorhombic,0.034442322954545,-3.529373961363638,5.110272583478441,1748.439941674672,132,0.0,GGA_GGA+U,-0.10665859063862504,0.2128 Ce2Si2O7 + 0.7872 CaO -> 0.3936 Ca2SiO4 + 0.01596 CeSi2 + 0.05851 Ce7O12,-1.6060160230163974e-14,Ce2Si2O7 -> Ce2Si2O7
mp-662527,Ce2Si2O7,Ce,P2_1/c,Monoclinic,0.0,-3.56381628431818,4.645187000021696,641.1657699146083,44,0.0701,GGA_GGA+U,-0.10665859063862504,0.2128 Ce2Si2O7 + 0.7872 CaO -> 0.3936 Ca2SiO4 + 0.01596 CeSi2 + 0.05851 Ce7O12,-1.6060160230163974e-14,Ce2Si2O7 -> Ce2Si2O7
mp-672208,Ce2Si2O7,Ce,P4_1,Tetragonal,0.020456833522727,-3.543359450795454,5.057449936805979,1177.8010406355895,88,0.0494,GGA_GGA+U,-0.10665859063862504,0.2128 Ce2Si2O7 + 0.7872 CaO -> 0.3936 Ca2SiO4 + 0.01596 CeSi2 + 0.05851 Ce7O12,-1.6060160230163974e-14,Ce2Si2O7 -> Ce2Si2O7
mp-21599,Eu2Si2O7,Eu,Pnma,Orthorhombic,0.078154590530306,-3.273013668409091,5.06659403725831,618.9024443433982,44,0.0,GGA_GGA+U,-0.10954471190789317,0.2 Eu2Si2O7 + 0.8 CaO -> 0.4 Ca2SiO4 + 0.2 Eu2O3,-2.1413546973551945e-14,Eu2Si2O7 -> Eu2Si2O7
mp-505818,Eu2Si2O7,Eu,P2_1/c,Monoclinic,0.103777864848487,-3.24739039409091,5.574039417815525,562.5592499637813,44,0.0,GGA_GGA+U,-0.10954471190789317,0.2 Eu2Si2O7 + 0.8 CaO -> 0.4 Ca2SiO4 + 0.2 Eu2O3,-2.1413546973551945e-14,Eu2Si2O7 -> Eu2Si2O7
mp-555983,Er2SiO5,Er,C2/c,Monoclinic,0.0,-3.836669838750007,7.079422042797362,415.26295039547216,32,4.7585999999999995,GGA_GGA+U,-0.05870450729169585,0.3333 Er2SiO5 + 0.6667 CaO -> 0.3333 Ca2SiO4 + 0.3333 Er2O3,-2.5657004349977086e-05,0.6875 Er2SiO5 + 0.3125 CaAl2(SiO4)2 -> 0.125 Er3Al5O12 + 0.3125 CaSiO3 + 0.5 Er2Si2O7
mp-16993,Er2SiO5,Er,P2_1/c,Monoclinic,0.025430450625012,-3.811239388125001,7.576299378242945,388.0287113559867,32,4.650399999999999,GGA_GGA+U,-0.05870450729169585,0.3333 Er2SiO5 + 0.6667 CaO -> 0.3333 Ca2SiO4 + 0.3333 Er2O3,-2.5657004349977086e-05,0.6875 Er2SiO5 + 0.3125 CaAl2(SiO4)2 -> 0.125 Er3Al5O12 + 0.3125 CaSiO3 + 0.5 Er2Si2O7
mp-978506,SmSiO3,Sm,Pm-3m,Cubic,0.6600386046249971,-2.8364629000000012,7.026074818066906,53.517592677572,5,0.0,GGA_GGA+U,-0.0647124430151007,0.3793 SmSiO3 + 0.6207 CaO -> 0.3103 Ca2SiO4 + 0.03448 SmSi2 + 0.1724 Sm2O3,-0.0006509862865387017,0.898 SmSiO3 + 0.102 CaAl2(SiO4)2 -> 0.102 CaSiO3 + 0.3878 Sm2Si2O7 + 0.04082 Sm3Al5O12 + 0.2245 Si
mp-973655,LuSiO3,Lu,Pm-3m,Cubic,0.87801737687499,-2.715639010333333,8.362076567951654,49.85358501080958,5,0.0,GGA_GGA+U,-0.08442921570314432,0.4 LuSiO3 + 0.6 CaO -> 0.3 Ca2SiO4 + 0.2 Lu2O3 + 0.1 Si,-0.0008609229795226714,0.898 LuSiO3 + 0.102 CaAl2(SiO4)2 -> 0.04082 Lu3Al5O12 + 0.102 CaSiO3 + 0.3878 Lu2Si2O7 + 0.2245 Si
mp-16981,Sm5Si3O13,Sm,P6_3/m,Hexagonal,0.064365402767855,-3.617742581666668,6.193666998755516,559.8246254218349,42,0.0,GGA_GGA+U,-0.047650064610903264,0.1507 Sm5Si3O13 + 0.8493 CaO -> 0.4247 Ca2SiO4 + 0.0137 SmSi2 + 0.3699 Sm2O3,-0.0011065472664171239,0.4944 Sm5Si3O13 + 0.5056 CaAl2(SiO4)2 -> 0.5056 CaSiO3 + 0.9326 Sm2Si2O7 + 0.2022 Sm3Al5O12 + 0.1236 Si
mp-1208880,Sm2SiO5,Sm,P2_1/c,Monoclinic,0.0,-3.740110009375007,6.401026546880727,424.2022849316551,32,4.8314,GGA_GGA+U,-0.041768714479155644,0.3333 Sm2SiO5 + 0.6667 CaO -> 0.3333 Ca2SiO4 + 0.3333 Sm2O3,-0.0012126215141723407,0.6875 Sm2SiO5 + 0.3125 CaAl2(SiO4)2 -> 0.3125 CaSiO3 + 0.5 Sm2Si2O7 + 0.125 Sm3Al5O12
mp-1184484,GdSiO3,Gd,Pm-3m,Cubic,0.607033879624996,-2.882494295,7.464244455265322,51.90876675147047,5,0.0,GGA_GGA+U,-0.07814316765627716,0.4 GdSiO3 + 0.6 CaO -> 0.3 Ca2SiO4 + 0.2 Gd2O3 + 0.1 Si,-0.0013579700497003966,0.898 GdSiO3 + 0.102 CaAl2(SiO4)2 -> 0.102 CaSiO3 + 0.04082 Gd3Al5O12 + 0.3878 Gd2Si2O7 + 0.2245 Si
mp-18195,Lu2SiO5,Lu,P2_1/c,Monoclinic,0.023591110624999,-3.839805311354167,8.025175841140653,379.0841753265798,32,4.567500000000001,GGA_GGA+U,-0.06867406593752667,0.3333 Lu2SiO5 + 0.6667 CaO -> 0.3333 Ca2SiO4 + 0.3333 Lu2O3,-0.001603680059929502,0.6875 Lu2SiO5 + 0.3125 CaAl2(SiO4)2 -> 0.125 Lu3Al5O12 + 0.3125 CaSiO3 + 0.5 Lu2Si2O7
mp-16969,Lu2SiO5,Lu,C2/c,Monoclinic,0.0,-3.863396421979168,7.59249718559523,400.68729579003394,32,4.6846,GGA_GGA+U,-0.06867406593752667,0.3333 Lu2SiO5 + 0.6667 CaO -> 0.3333 Ca2SiO4 + 0.3333 Lu2O3,-0.001603680059929502,0.6875 Lu2SiO5 + 0.3125 CaAl2(SiO4)2 -> 0.125 Lu3Al5O12 + 0.3125 CaSiO3 + 0.5 Lu2Si2O7
mp-542831,Gd2SiO5,Gd,P2_1/c,Monoclinic,0.0,-3.73295124156251,6.773703368819309,414.3758366164221,32,3.0808,GGA_GGA+U,-0.060482611666629715,0.3333 Gd2SiO5 + 0.6667 CaO -> 0.3333 Ca2SiO4 + 0.3333 Gd2O3,-0.0025295520533870075,0.6875 Gd2SiO5 + 0.3125 CaAl2(SiO4)2 -> 0.3125 CaSiO3 + 0.125 Gd3Al5O12 + 0.5 Gd2Si2O7
mp-1184813,HoSiO3,Ho,Pm-3m,Cubic,0.7570571732499971,-2.783655503999998,7.839893360987574,51.048295860736005,5,0.0,GGA_GGA+U,-0.08744899500002035,0.4 HoSiO3 + 0.6 CaO -> 0.3 Ca2SiO4 + 0.2 Ho2O3 + 0.1 Si,-0.002660342725133935,0.898 HoSiO3 + 0.102 CaAl2(SiO4)2 -> 0.04082 Ho3Al5O12 + 0.102 CaSiO3 + 0.3878 Ho2Si2O7 + 0.2245 Si
mp-1187862,YSiO3,Y,Pm-3m,Cubic,0.736387453416664,-2.795143751,5.306999070894734,51.6245791069196,5,0.0,GGA_GGA+U,-0.07016006489582871,0.4 YSiO3 + 0.6 CaO -> 0.3 Ca2SiO4 + 0.2 Y2O3 + 0.1 Si,-0.002826051652041306,0.898 YSiO3 + 0.102 CaAl2(SiO4)2 -> 0.102 CaSiO3 + 0.04082 Y3Al5O12 + 0.3878 Y2Si2O7 + 0.2245 Si
mp-17065,Ho2SiO5,Ho,P2_1/c,Monoclinic,0.0,-3.798526289375006,7.395128507986036,393.3517542712843,32,4.702,GGA_GGA+U,-0.07182743510422496,0.3333 Ho2SiO5 + 0.6667 CaO -> 0.3333 Ca2SiO4 + 0.3333 Ho2O3,-0.004955540370381151,0.6875 Ho2SiO5 + 0.3125 CaAl2(SiO4)2 -> 0.125 Ho3Al5O12 + 0.3125 CaSiO3 + 0.5 Ho2Si2O7
mp-3520,Y2SiO5,Y,C2/c,Monoclinic,0.0,-3.781171346562509,4.424248673522434,429.2150130307963,32,4.7661,GGA_GGA+U,-0.052694262812487125,0.3333 Y2SiO5 + 0.6667 CaO -> 0.3333 Ca2SiO4 + 0.3333 Y2O3,-0.0052642138616665335,0.6875 Y2SiO5 + 0.3125 CaAl2(SiO4)2 -> 0.3125 CaSiO3 + 0.125 Y3Al5O12 + 0.5 Y2Si2O7
mp-554420,Y2SiO5,Y,P2_1/c,Monoclinic,0.025013623125017,-3.7561577234375,4.775766605731431,397.6228548896144,32,4.7357,GGA_GGA+U,-0.052694262812487125,0.3333 Y2SiO5 + 0.6667 CaO -> 0.3333 Ca2SiO4 + 0.3333 Y2O3,-0.0052642138616665335,0.6875 Y2SiO5 + 0.3125 CaAl2(SiO4)2 -> 0.3125 CaSiO3 + 0.125 Y3Al5O12 + 0.5 Y2Si2O7
mp-1179266,Y2SiO5,Y,P2_1/c,Monoclinic,0.112243286875017,-3.6689280596875,4.505752795596275,421.45098459759464,32,3.940899999999999,GGA_GGA+U,-0.052694262812487125,0.3333 Y2SiO5 + 0.6667 CaO -> 0.3333 Ca2SiO4 + 0.3333 Y2O3,-0.0052642138616665335,0.6875 Y2SiO5 + 0.3125 CaAl2(SiO4)2 -> 0.3125 CaSiO3 + 0.125 Y3Al5O12 + 0.5 Y2Si2O7
mp-1208172,Y5(SiO4)3,Y,Pnma,Orthorhombic,0.201814866328135,-3.44835634075,4.595885826437926,1041.6977147319192,80,0.0,GGA_GGA+U,-0.049060175721969745,0.1818 Y5(SiO4)3 + 0.8182 CaO -> 0.4091 Ca2SiO4 + 0.4545 Y2O3 + 0.1364 Si,-0.007955540249996229,0.4444 Y5(SiO4)3 + 0.5556 CaAl2(SiO4)2 -> 0.5556 CaSiO3 + 0.2222 Y3Al5O12 + 0.7778 Y2Si2O7 + 0.3333 Si
mp-531302,La10(Si2O9)3,La,Pc,Monoclinic,0.024278180697676,-3.7274593981395343,5.366376079985152,1231.2696469725508,86,3.3817,GGA_GGA+U,-0.032879334197771115,0.07692 La10(Si2O9)3 + 0.9231 CaO -> 0.4615 Ca2SiO4 + 0.3846 La2O3,-0.012525320552493113,0.4286 La10(Si2O9)3 + 0.5714 CaAl2(SiO4)2 -> La2Si2O7 + 0.5714 CaLa4Si3O13 + 0.5714 Al2O3
mp-17704,Tm2SiO5,Tm,P2_1/c,Monoclinic,0.003559554218755,-3.8274684203125022,7.6436631866730735,387.52043692209014,32,4.6073,GGA_GGA+U,-0.07620691947919456,0.3333 Tm2SiO5 + 0.6667 CaO -> 0.3333 Ca2SiO4 + 0.3333 Tm2O3,-0.012889929300119896,0.6875 Tm2SiO5 + 0.3125 CaAl2(SiO4)2 -> 0.3125 CaSiO3 + 0.125 Tm3Al5O12 + 0.5 Tm2Si2O7
mp-1211451,La5Si3O13,La,P6_3/m,Hexagonal,0.053522587202371,-3.666284126666667,5.375073791507307,609.6958830962338,42,0.0,GGA_GGA+U,-0.028360030274645176,0.1507 La5Si3O13 + 0.8493 CaO -> 0.4247 Ca2SiO4 + 0.0137 LaSi2 + 0.3699 La2O3,-0.013823676951216335,0.5714 La5Si3O13 + 0.4286 CaAl2(SiO4)2 -> 0.5714 La2Si2O7 + 0.4286 CaLa4Si3O13 + 0.4286 Al2O3 + 0.1429 Si
mp-1185023,La2Si2O5,La,P4/mmm,Tetragonal,0.657803053333321,-2.700842459444445,6.009355633430409,114.39299727835257,9,0.0,GGA_GGA+U,-0.031020992395148994,0.2821 La2Si2O5 + 0.7179 CaO -> 0.359 Ca2SiO4 + 0.1026 LaSi2 + 0.2308 La2O3,-0.014169268874983487,0.75 La2Si2O5 + 0.25 CaAl2(SiO4)2 -> 0.25 La2Si2O7 + 0.25 CaLa4Si3O13 + 0.25 Al2O3 + 0.75 Si
mp-771045,La2SiO5,La,C2/c,Monoclinic,0.049718245624999,-3.728757956250001,4.783846830537148,803.6935404046528,48,4.2166999999999994,GGA_GGA+U,-0.02127068156250589,0.3333 La2SiO5 + 0.6667 CaO -> 0.3333 Ca2SiO4 + 0.3333 La2O3,-0.015318128513515994,0.75 La2SiO5 + 0.25 CaAl2(SiO4)2 -> 0.25 La2Si2O7 + 0.25 CaLa4Si3O13 + 0.25 Al2O3
mp-752717,La2SiO5,La,C2/c,Monoclinic,0.021604005,-3.756872196874999,5.206211356931456,492.3281739697528,32,4.5774,GGA_GGA+U,-0.02127068156250589,0.3333 La2SiO5 + 0.6667 CaO -> 0.3333 Ca2SiO4 + 0.3333 La2O3,-0.015318128513515994,0.75 La2SiO5 + 0.25 CaAl2(SiO4)2 -> 0.25 La2Si2O7 + 0.25 CaLa4Si3O13 + 0.25 Al2O3
mp-5152,La2SiO5,La,P2_1/c,Monoclinic,0.0,-3.778476201874999,5.4831988576635915,467.457883107093,32,4.4804,GGA_GGA+U,-0.02127068156250589,0.3333 La2SiO5 + 0.6667 CaO -> 0.3333 Ca2SiO4 + 0.3333 La2O3,-0.015318128513515994,0.75 La2SiO5 + 0.25 CaAl2(SiO4)2 -> 0.25 La2Si2O7 + 0.25 CaLa4Si3O13 + 0.25 Al2O3
mp-1209689,Pr5Si3O13,Pr,P6_3/m,Hexagonal,0.016186851214831,-3.580733482063492,5.6082911245981375,590.2702391080544,42,0.0,GGA_GGA+U,-0.0526688089243077,0.1507 Pr5Si3O13 + 0.8493 CaO -> 0.0137 PrSi2 + 0.4247 Ca2SiO4 + 0.3699 Pr2O3,-0.027829568148644235,0.6087 Pr5Si3O13 + 0.3913 CaAl2(SiO4)2 -> 0.7826 PrAlO3 + 1.13 Pr2Si2O7 + 0.1957 Ca2SiO4 + 0.1522 Si
mp-3216524,Yb3SiO,Yb,Imma,Orthorhombic,0.233278305166667,-1.545238797749999,9.94947981377159,187.994499502588,10,0.0,GGA_GGA+U_R2SCAN,-0.27393189175926125,0.3333 Yb3SiO + 0.6667 CaO -> 0.3333 CaSiO3 + 0.3333 Ca + Yb,-0.06285533723214165,0.75 Yb3SiO + 0.25 CaAl2(SiO4)2 -> 0.25 Al2SiO5 + 0.75 SiO2 + 0.25 CaSi + 2.25 Yb
mp-555465,La10Si8O3,La,P6/mmm,Hexagonal,0.030995915357142,-1.436847655952381,5.6562588325449745,487.8452564765718,21,0.0,GGA_GGA+U,-3.012168219296285e-15,La10Si8O3 -> 8 LaSi + La2O3,-0.1330199005668562,0.4155 La10Si8O3 + 0.5845 CaAl2(SiO4)2 -> 0.2624 Ca2SiO4 + 0.495 La4Al2O9 + 0.05964 CaLaAl3O7 + 2.115 LaSi2
mp-555617,Ce10Si8O3,Ce,P6/mmm,Hexagonal,0.00793279220238,-1.360804182142855,6.048845745060317,459.50590932055167,21,0.0,GGA_GGA+U,-1.5060841096481425e-15,Ce10Si8O3 -> Ce2O3 + 8 CeSi,-0.13830588545569356,0.4396 Ce10Si8O3 + 0.5604 CaAl2(SiO4)2 -> 0.03736 Ca11Al14O32 + 2.319 CeSi2 + 0.1495 CaAl4O7 + 0.2967 Ce7O12
