material_id,formula,rare_earth,space_group,crystal_system,e_above_hull,formation_energy,density,volume,nsites,band_gap
mp-531302,La10(Si2O9)3,La,Pc,Monoclinic,0.024278180697676,-3.7274593981395343,5.366376079985152,1231.2696469725508,86,3.3817
mp-555465,La10Si8O3,La,P6/mmm,Hexagonal,0.030995915357142002,-1.436847655952381,5.6562588325449745,487.8452564765718,21,0.0
mp-756325,La2(SiO3)3,La,P-1,Triclinic,0.100489040476189,-3.48750892107143,5.12436200804834,327.9767456801286,28,4.419900000000001
mp-756888,La2(SiO3)3,La,P6_3/m,Hexagonal,0.030151866547617003,-3.5578460950000013,4.04166779998787,415.83614939645156,28,4.3297
mp-852194,La2(SiO3)3,La,P-1,Triclinic,3.097199561904761,-0.49079839964285704,5.124361903674961,327.976752360383,28,0.0
mp-1185023,La2Si2O5,La,P4/mmm,Tetragonal,0.657803053333321,-2.700842459444445,6.009355633430409,114.39299727835257,9,0.0
mp-18639,La2Si2O7,La,P-1,Triclinic,0.009666814772733,-3.664285678863635,4.928312833009692,601.0685483630061,44,4.5629
mp-555800,La2Si2O7,La,P2_1/c,Monoclinic,0.024688101439398,-3.649264392196971,4.971050956238214,1787.7027613437874,132,4.380800000000001
mp-5732,La2Si2O7,La,P2_1/c,Monoclinic,0.0,-3.673952493636363,4.697627190081504,630.5851274597452,44,4.7992
mp-5974,La2Si2O7,La,P4_1,Tetragonal,0.008581531818187,-3.665370961818182,5.105726391091916,1160.3652892893851,88,4.673799999999999
mp-706477,La2Si2O7,La,P2_1/c,Monoclinic,0.8701899311363701,-2.8037625624999993,3.350547333723073,884.1104289442472,44,1.9857
mp-5152,La2SiO5,La,P2_1/c,Monoclinic,0.0,-3.778476201874999,5.4831988576635915,467.457883107093,32,4.4804
mp-752717,La2SiO5,La,C2/c,Monoclinic,0.021604005000000003,-3.756872196874999,5.206211356931456,492.3281739697528,32,4.5774
mp-771045,La2SiO5,La,C2/c,Monoclinic,0.049718245624999005,-3.728757956250001,4.783846830537148,803.6935404046528,48,4.2166999999999994
mp-1211451,La5Si3O13,La,P6_3/m,Hexagonal,0.053522587202371005,-3.666284126666667,5.375073791507307,609.6958830962338,42,0.0
mp-555617,Ce10Si8O3,Ce,P6/mmm,Hexagonal,0.007932792202380001,-1.360804182142855,6.048845745060317,459.50590932055167,21,0.0
mp-582983,Ce2Si2O7,Ce,Pca2_1,Orthorhombic,0.034442322954545,-3.529373961363638,5.110272583478441,1748.4399416746721,132,0.0
mp-662527,Ce2Si2O7,Ce,P2_1/c,Monoclinic,0.0,-3.5638162843181798,4.645187000021696,641.1657699146083,44,0.07010000000000001
mp-672208,Ce2Si2O7,Ce,P4_1,Tetragonal,0.020456833522727,-3.543359450795454,5.057449936805979,1177.8010406355897,88,0.049400000000000006
mp-10523,CeSiO4,Ce,I4_1/amd,Tetragonal,0.036410676944445004,-3.563593093333333,4.936797895877379,156.2047646719938,12,1.447799999999999
mp-3160,Pr2Si2O7,Pr,P4_1,Tetragonal,0.00813972352274,-3.5977467172348483,5.322604400060206,1123.0785535175307,88,5.026299999999999
mp-5913,Pr2Si2O7,Pr,P2_1/c,Monoclinic,0.0,-3.605886440757581,4.840443314183235,617.4747293341999,44,5.3706
mp-1209689,Pr5Si3O13,Pr,P6_3/m,Hexagonal,0.016186851214831002,-3.580733482063492,5.6082911245981375,590.2702391080544,42,0.0
mp-756013,PrSiO4,Pr,I4_1/amd,Tetragonal,0.108305478749999,-3.197090425277776,4.511347897173616,171.51869079918345,12,0.0
mp-15225,Nd2Si2O7,Nd,P4_1,Tetragonal,0.0,-3.608985797500007,5.448964114516134,1113.292695283575,88,5.0173
mp-18130,Nd2Si2O7,Nd,P2_1/c,Monoclinic,0.005624540909105,-3.603361256590908,5.384392570053263,563.3218479733858,44,4.7764
mp-556771,Nd2Si2O7,Nd,P2_12_12_1,Orthorhombic,0.0032729663636510004,-3.605712831136363,5.09877536756473,594.8773487986116,44,5.2351
mp-560132,Nd2SiO5,Nd,P2_1/c,Monoclinic,0.0,-3.710467645625,5.949308169357658,442.75007917495594,32,4.7758
mp-1210042,Nd5Si3O13,Nd,P6_3,Hexagonal,0.059154129374991,-3.593851992738096,5.832056009104907,577.1164615388992,42,0.0
mp-1101436,NdSiO4,Nd,I4_1/amd,Tetragonal,0.09542216729166701,-3.212814813749999,4.6530106879817374,168.67662134615404,12,0.0
mp-17235,Sm2Si2O7,Sm,P-1,Triclinic,0.0,-3.637195456136363,5.232008128805824,595.2627213450243,44,5.321
mp-18391,Sm2Si2O7,Sm,P2_1/c,Monoclinic,0.021652230909083,-3.615543225227272,5.686430168515022,547.6932459482846,44,4.9072000000000005
mp-21794,Sm2Si2O7,Sm,P4_1,Tetragonal,0.014749998068174001,-3.622445458068182,5.753872021097067,1082.5473300181013,88,5.0
mp-1208880,Sm2SiO5,Sm,P2_1/c,Monoclinic,0.0,-3.740110009375007,6.401026546880727,424.2022849316551,32,4.8314
mp-16981,Sm5Si3O13,Sm,P6_3/m,Hexagonal,0.064365402767855,-3.617742581666668,6.193666998755516,559.8246254218349,42,0.0
mp-978506,SmSiO3,Sm,Pm-3m,Cubic,0.6600386046249971,-2.8364629000000012,7.026074818066906,53.517592677572,5,0.0
mp-21599,Eu2Si2O7,Eu,Pnma,Orthorhombic,0.078154590530306,-3.273013668409091,5.06659403725831,618.9024443433982,44,0.0
mp-505818,Eu2Si2O7,Eu,P2_1/c,Monoclinic,0.10377786484848701,-3.24739039409091,5.574039417815525,562.5592499637813,44,0.0
mp-504653,Eu2SiO4,Eu,Pnma,Orthorhombic,0.013404185714287002,-3.337149815000003,6.83081384654338,385.07382407441986,28,0.05689999999999901
mp-554546,Eu2SiO4,Eu,P2_1/c,Monoclinic,0.0,-3.3505540007142898,6.787915417570968,387.5074227678318,28,0.28889999999999905
mp-867713,Eu2SiO5,Eu,Pnma,Orthorhombic,0.178768655833334,-3.201775946250002,6.244434632296064,438.25234557565403,32,0.0
mp-867966,Eu2SiO5,Eu,C2/c,Monoclinic,0.10756158708333301,-3.272983015000003,5.815797886710778,470.55248096755093,32,0.0
mp-866030,EuSiO3,Eu,Pm-3m,Cubic,0.25598193966667504,-3.071255264,7.369525124378975,51.38487331369103,5,0.0
mp-13775,Gd2Si2O7,Gd,Pnma,Orthorhombic,0.0,-3.629723050909088,5.503865479146377,582.49031019204,44,3.2104
mp-16461,Gd2Si2O7,Gd,P2_1/c,Monoclinic,0.030158190227281,-3.599564860681817,5.930507184467777,540.585857243329,44,2.9046000000000003
mp-542469,Gd2Si2O7,Gd,P-1,Triclinic,0.011054239090917,-3.6186688118181802,5.956232416595656,538.2510429362369,44,2.7971
mp-542831,Gd2SiO5,Gd,P2_1/c,Monoclinic,0.0,-3.73295124156251,6.773703368819309,414.3758366164221,32,3.0808
mp-1184484,GdSiO3,Gd,Pm-3m,Cubic,0.607033879624996,-2.882494295,7.464244455265322,51.90876675147047,5,0.0
mp-1224635,GdSiO4,Gd,Pna2_1,Orthorhombic,0.187522508333326,-3.139723621666666,5.4913190637229,301.58681245215433,24,0.0
mp-17308,Tb2Si2O7,Tb,P-1,Triclinic,0.0,-3.657226894848484,6.100760237975205,529.1478532643463,44,4.9475
mp-1208518,Tb2SiO5,Tb,P2_1/c,Monoclinic,0.0,-3.784206000416667,7.024483530816206,402.75058814453183,32,4.8469999999999995
mp-1208437,Tb5Si3O13,Tb,P6_3/m,Hexagonal,0.077289843095231,-3.64523786968254,6.736503446318545,535.8266820867628,42,0.0
mp-1187364,TbSiO3,Tb,Pm-3m,Cubic,0.7094974339999941,-2.815659758333333,7.530094610668917,51.82427694555707,5,0.0
mp-1225780,Dy2Si2O7,Dy,P1,Triclinic,0.007435804318179,-3.659418946363636,6.112233958841164,803.8855285297725,66,4.5344
mp-17062,Dy2Si2O7,Dy,P-1,Triclinic,0.006754200378784001,-3.660100550303029,6.06732807588437,539.8901971396976,44,4.9489
mp-752405,Dy2SiO5,Dy,P2_1/c,Monoclinic,0.022826834687499003,-3.791786693541667,7.018011524727257,409.8884179810423,32,4.9139
mp-768317,Dy2SiO5,Dy,C2/c,Monoclinic,0.0,-3.814613528229166,6.765194038669526,425.20608053526036,32,4.6662
mp-768411,Dy2SiO5,Dy,Pnma,Orthorhombic,0.08145145218750101,-3.733162076041665,7.093811745808069,405.5085959876285,32,4.3507
mp-16809,Ho2Si2O7,Ho,P-1,Triclinic,0.012073345000008001,-3.663021494090907,6.441060537997115,513.5763065601901,44,4.9477
mp-18662,Ho2Si2O7,Ho,Pnma,Orthorhombic,0.0,-3.675094839090908,5.9931162354559415,551.9626103469836,44,5.3233000000000015
mp-17065,Ho2SiO5,Ho,P2_1/c,Monoclinic,0.0,-3.798526289375006,7.395128507986036,393.3517542712843,32,4.702
mp-1184813,HoSiO3,Ho,Pm-3m,Cubic,0.7570571732499971,-2.783655503999998,7.839893360987574,51.048295860736005,5,0.0
mp-7064,Er2Si2O7,Er,C2/m,Monoclinic,0.0,-3.700666997727278,5.974776007580203,139.70862631954532,11,4.798599999999999
mp-7624,Er2Si2O7,Er,P2_1/c,Monoclinic,0.0014814522727270001,-3.699185545454551,6.038506888721256,276.4682607699314,22,4.918
mp-16993,Er2SiO5,Er,P2_1/c,Monoclinic,0.025430450625012,-3.811239388125001,7.576299378242945,388.0287113559867,32,4.650399999999999
mp-555983,Er2SiO5,Er,C2/c,Monoclinic,0.0,-3.836669838750007,7.079422042797362,415.26295039547216,32,4.7585999999999995
mp-1095467,Tm2Si2O7,Tm,C2/m,Monoclinic,0.0,-3.7132802795454642,6.085429203944716,138.0824956998644,11,4.7966999999999995
mp-18318,Tm2Si2O7,Tm,P-1,Triclinic,0.036575726818197006,-3.676704552727273,6.682139167830451,503.00733389744727,44,4.9405
mp-17704,Tm2SiO5,Tm,P2_1/c,Monoclinic,0.003559554218755,-3.8274684203125022,7.6436631866730735,387.52043692209014,32,4.6073
mp-4300,Yb2Si2O7,Yb,C2/m,Monoclinic,0.0,-3.58617321102273,6.236822823552138,136.9169728614623,11,0.0
mp-3216524,Yb3SiO,Yb,Imma,Orthorhombic,0.233278305166667,-1.545238797749999,9.94947981377159,187.994499502588,10,0.0
mp-1187516,YbSiO3,Yb,Pm-3m,Cubic,0.9078299743125001,-2.5573448272500032,8.636992814705966,47.896258007946656,5,4.068899999999999
mp-1202190,Lu2Si2O7,Lu,P4_32_12,Tetragonal,0.019960798409083002,-3.704217053257575,6.58370697459744,522.700431326118,44,5.1931
mp-18385,Lu2Si2O7,Lu,P4_12_12,Tetragonal,0.019656807727265,-3.704521043939393,6.890390114496473,499.43565141642677,44,5.199199999999999
mp-7193,Lu2Si2O7,Lu,C2/m,Monoclinic,0.0,-3.72417785166666,6.355493422392386,135.36739976875975,11,4.8449
mp-16969,Lu2SiO5,Lu,C2/c,Monoclinic,0.0,-3.863396421979168,7.59249718559523,400.68729579003394,32,4.6846
mp-18195,Lu2SiO5,Lu,P2_1/c,Monoclinic,0.023591110624999002,-3.839805311354167,8.025175841140653,379.0841753265798,32,4.567500000000001
mp-973655,LuSiO3,Lu,Pm-3m,Cubic,0.87801737687499,-2.715639010333333,8.362076567951654,49.85358501080958,5,0.0
mp-17404,Y2Si2O7,Y,Pnma,Orthorhombic,0.023324581212129002,-3.647698447499999,3.9621375491011923,580.000879155743,44,5.381399999999999
mp-556860,Y2Si2O7,Y,P-1,Triclinic,0.036002630984857,-3.635020397727272,4.22647846181067,543.7252981599638,44,4.9349
mp-561531,Y2Si2O7,Y,P2_1/m,Monoclinic,0.046977508257585,-3.624045520454544,3.875804876133672,296.46013347646846,22,4.5957
mp-561551,Y2Si2O7,Y,P2_1/m,Monoclinic,0.022948241893947,-3.648074786818182,3.935411544654483,291.9698785932734,22,5.176900000000001
mp-5652,Y2Si2O7,Y,C2/m,Monoclinic,0.012987350075766001,-3.658035678636363,4.008890788263514,143.30917098954507,11,4.8042
mp-581644,Y2Si2O7,Y,P-1,Triclinic,0.0,-3.671023028712122,4.262086953852866,1617.547896157262,132,4.7121
mp-7999,Y2Si2O7,Y,P2_1/c,Monoclinic,0.015429810530312001,-3.655593218181817,4.053480529304039,283.46543732001516,22,4.931
mp-1179266,Y2SiO5,Y,P2_1/c,Monoclinic,0.11224328687501701,-3.6689280596875,4.505752795596275,421.45098459759464,32,3.940899999999999
mp-3520,Y2SiO5,Y,C2/c,Monoclinic,0.0,-3.781171346562509,4.424248673522434,429.2150130307963,32,4.7661
mp-554420,Y2SiO5,Y,P2_1/c,Monoclinic,0.025013623125017002,-3.7561577234375,4.775766605731431,397.62285488961436,32,4.7357
mp-727913,Y3Si3O11,Y,P2_1/c,Monoclinic,0.071555851985289,-3.49149591117647,3.982362921740687,878.925456818083,68,0.184899999999999
mp-1208172,Y5(SiO4)3,Y,Pnma,Orthorhombic,0.20181486632813503,-3.44835634075,4.595885826437926,1041.6977147319192,80,0.0
mp-1187862,YSiO3,Y,Pm-3m,Cubic,0.736387453416664,-2.795143751,5.306999070894734,51.624579106919604,5,0.0
mp-5594,Sc2Si2O7,Sc,C2/m,Monoclinic,0.0,-3.607447267727273,3.373334353584162,127.0403679229244,11,4.2788
mp-7640,Sc2Si2O7,Sc,Fd-3m,Cubic,0.08505900545455501,-3.522388262272726,4.163948123872764,205.838125095464,22,3.7458
mp-1209079,Sc2SiO5,Sc,C2/c,Monoclinic,0.017264488359376003,-3.7030844584375,3.495989938892105,376.1764944566733,32,4.471299999999999
mp-1186993,ScSiO3,Sc,Pm-3m,Cubic,0.707826589968743,-2.7644089860000003,4.371425835382467,45.978363101869,5,0.0
